{
    "name": "The lufylegend.js API",
    "description": "lufylegend是一个HTML5开源引擎， 它实现了利用仿ActionScript3.0的语法进行HTML5的开发，包含了LSprite，LBitmapData，LBitmap，LLoader，LURLLoader，LTextField，LEvent等多个AS开发人员熟悉的类， 支持Google Chrome，Firefox，Opera，IE9，IOS，Android等多种热门环境。利用lufylegend可以轻松的使用面向对象编程，并且可以配合Box2dWeb制作物理游戏， 另外它还内置了LTweenLite缓动类等非常实用的功能，现在开始使用它吧，它可以让你更快的进入HTML5的世界！",
    "version": "1.10.1",
    "date": "2016年03月28日",
    "url": "http://lufylegend.com/lufylegend",
    "options": {
        "outdir": "./out"
    }
}